Gene,Cancer,KEY,Function,Decision,Tissue Frequency,Pancan Frequency,Ensembl Gene ID
ABL1,PANCAN,ABL1_PANCAN,,rescued,,1.17%,ENSG00000097007
ACVR1,UCEC,ACVR1_UCEC,oncogene,official,5.30%,0.75%,ENSG00000115170
ACVR1B,PANCAN,ACVR1B_PANCAN,possible tsg,official,,1.09%,ENSG00000135503
ACVR2A,COADREAD,ACVR2A_COADREAD,tsg,official,2.85%,1.40%,ENSG00000121989
ACVR2A,LIHC,ACVR2A_LIHC,possible tsg,official,3.11%,1.40%,ENSG00000121989
ACVR2A,PANCAN,ACVR2A_PANCAN,possible tsg,official,,1.40%,ENSG00000121989
AJUBA,PANCAN,AJUBA_PANCAN,tsg,official,,0.90%,ENSG00000129474
AJUBA,HNSC,AJUBA_HNSC,tsg,official,6.37%,0.90%,ENSG00000129474
AKT1,CESC,AKT1_CESC,oncogene,official,2.55%,1.01%,ENSG00000142208
AKT1,PRAD,AKT1_PRAD,oncogene,official,0.63%,1.01%,ENSG00000142208
AKT1,PANCAN,AKT1_PANCAN,oncogene,official,,1.01%,ENSG00000142208
AKT1,THCA,AKT1_THCA,oncogene,official,1.02%,1.01%,ENSG00000142208
AKT1,UCEC,AKT1_UCEC,oncogene,official,3.54%,1.01%,ENSG00000142208
AKT1,BRCA,AKT1_BRCA,oncogene,official,3.21%,1.01%,ENSG00000142208
ALB,LIHC,ALB_LIHC,possible tsg,official,13.56%,1.66%,ENSG00000163631
ALK,PANCAN,ALK_PANCAN,,rescued,,2.43%,ENSG00000171094
AMER1,PANCAN,AMER1_PANCAN,possible tsg,official,,2.74%,ENSG00000184675
AMER1,COADREAD,AMER1_COADREAD,possible tsg,official,11.71%,2.74%,ENSG00000184675
APC,PRAD,APC_PRAD,tsg,official,2.10%,5.87%,ENSG00000134982
APC,PANCAN,APC_PANCAN,tsg,official,,5.87%,ENSG00000134982
APC,STAD,APC_STAD,tsg,official,8.96%,5.87%,ENSG00000134982
APC,COADREAD,APC_COADREAD,tsg,official,81.96%,5.87%,ENSG00000134982
APOB,LIHC,APOB_LIHC,possible tsg,official,10.17%,8.08%,ENSG00000084674
AR,PANCAN,AR_PANCAN,,rescued,,1.46%,ENSG00000169083
ARAF,PANCAN,ARAF_PANCAN,,rescued,,0.79%,ENSG00000078061
ARHGAP35,LUSC,ARHGAP35_LUSC,tsg,official,6.03%,2.58%,ENSG00000160007
ARHGAP35,PANCAN,ARHGAP35_PANCAN,tsg,official,,2.58%,ENSG00000160007
ARHGAP35,UCEC,ARHGAP35_UCEC,tsg,official,13.89%,2.58%,ENSG00000160007
ARID1A,ESCA,ARID1A_ESCA,tsg,official,6.98%,6.69%,ENSG00000117713
ARID1A,LUAD,ARID1A_LUAD,tsg,official,4.64%,6.69%,ENSG00000117713
ARID1A,LUSC,ARID1A_LUSC,tsg,official,7.33%,6.69%,ENSG00000117713
ARID1A,UCS,ARID1A_UCS,tsg,official,9.09%,6.69%,ENSG00000117713
ARID1A,CHOL,ARID1A_CHOL,,official,11.76%,6.69%,ENSG00000117713
ARID1A,COADREAD,ARID1A_COADREAD,possible oncogene,official,5.06%,6.69%,ENSG00000117713
ARID1A,CESC,ARID1A_CESC,tsg,official,5.84%,6.69%,ENSG00000117713
ARID1A,LGG,ARID1A_LGG,possible tsg,official,3.92%,6.69%,ENSG00000117713
ARID1A,PAAD,ARID1A_PAAD,tsg,official,5.16%,6.69%,ENSG00000117713
ARID1A,BLCA,ARID1A_BLCA,tsg,official,25.91%,6.69%,ENSG00000117713
ARID1A,BRCA,ARID1A_BRCA,tsg,official,3.34%,6.69%,ENSG00000117713
ARID1A,LIHC,ARID1A_LIHC,tsg,official,9.04%,6.69%,ENSG00000117713
ARID1A,PANCAN,ARID1A_PANCAN,tsg,official,,6.69%,ENSG00000117713
ARID1A,UCEC,ARID1A_UCEC,tsg,official,39.65%,6.69%,ENSG00000117713
ARID1A,STAD,ARID1A_STAD,tsg,official,15.41%,6.69%,ENSG00000117713
ARID2,HNSC,ARID2_HNSC,possible tsg,official,3.78%,3.16%,ENSG00000189079
ARID2,LGG,ARID2_LGG,possible tsg,official,1.96%,3.16%,ENSG00000189079
ARID2,STAD,ARID2_STAD,possible tsg,official,5.32%,3.16%,ENSG00000189079
ARID2,LIHC,ARID2_LIHC,tsg,official,5.65%,3.16%,ENSG00000189079
ARID2,PANCAN,ARID2_PANCAN,tsg,official,,3.16%,ENSG00000189079
ARID2,SKCM,ARID2_SKCM,tsg,official,12.09%,3.16%,ENSG00000189079
ARID5B,UCEC,ARID5B_UCEC,possible tsg,official,12.12%,1.72%,ENSG00000150347
ASXL1,PANCAN,ASXL1_PANCAN,possible tsg,official,,2.10%,ENSG00000171456
ASXL1,LAML,ASXL1_LAML,tsg,official,4.32%,2.10%,ENSG00000171456
ASXL2,PANCAN,ASXL2_PANCAN,possible tsg,official,,1.85%,ENSG00000143970
ASXL2,BLCA,ASXL2_BLCA,possible tsg,official,7.51%,1.85%,ENSG00000143970
ATF7IP,UCEC,ATF7IP_UCEC,possible tsg,official,4.80%,1.75%,ENSG00000171681
ATF7IP,PANCAN,ATF7IP_PANCAN,tsg,official,,1.75%,ENSG00000171681
ATM,UCEC,ATM_UCEC,tsg,official,10.35%,4.12%,ENSG00000149311
ATM,BLCA,ATM_BLCA,possible tsg,official,13.47%,4.12%,ENSG00000149311
ATM,PANCAN,ATM_PANCAN,tsg,official,,4.12%,ENSG00000149311
ATM,LUAD,ATM_LUAD,tsg,official,7.89%,4.12%,ENSG00000149311
ATM,KIRC,ATM_KIRC,tsg,official,4.08%,4.12%,ENSG00000149311
ATR,PANCAN,ATR_PANCAN,possible tsg,official,,2.81%,ENSG00000175054
ATR,UCEC,ATR_UCEC,possible tsg,official,4.80%,2.81%,ENSG00000175054
ATRX,ACC,ATRX_ACC,possible tsg,official,4.44%,5.69%,ENSG00000085224
ATRX,GBM,ATRX_GBM,tsg,official,7.40%,5.69%,ENSG00000085224
ATRX,PANCAN,ATRX_PANCAN,tsg,official,,5.69%,ENSG00000085224
ATRX,SARC,ATRX_SARC,tsg,official,16.67%,5.69%,ENSG00000085224
ATRX,LGG,ATRX_LGG,tsg,official,38.24%,5.69%,ENSG00000085224
ATXN3,PANCAN,ATXN3_PANCAN,possible tsg,official,,0.40%,ENSG00000066427
AXIN1,PANCAN,AXIN1_PANCAN,tsg,official,,1.41%,ENSG00000103126
AXIN1,LIHC,AXIN1_LIHC,tsg,official,7.63%,1.41%,ENSG00000103126
AXIN2,PANCAN,AXIN2_PANCAN,possible tsg,rescued,,1.27%,ENSG00000168646
B2M,PANCAN,B2M_PANCAN,possible tsg,official,,0.91%,ENSG00000166710
B2M,DLBC,B2M_DLBC,possible tsg,official,24.32%,0.91%,ENSG00000166710
BAP1,KIRP,BAP1_KIRP,possible tsg,official,5.09%,2.14%,ENSG00000163930
BAP1,PANCAN,BAP1_PANCAN,tsg,official,,2.14%,ENSG00000163930
BAP1,CHOL,BAP1_CHOL,tsg,official,17.65%,2.14%,ENSG00000163930
BAP1,LIHC,BAP1_LIHC,tsg,official,5.93%,2.14%,ENSG00000163930
BAP1,UVM,BAP1_UVM,tsg,official,16.25%,2.14%,ENSG00000163930
BAP1,MESO,BAP1_MESO,tsg,official,22.22%,2.14%,ENSG00000163930
BAP1,KIRC,BAP1_KIRC,tsg,official,10.60%,2.14%,ENSG00000163930
BCL2,PANCAN,BCL2_PANCAN,,rescued,,0.40%,ENSG00000171791
BCL2L11,UCS,BCL2L11_UCS,,official,3.64%,0.54%,ENSG00000153094
BCOR,UCEC,BCOR_UCEC,possible oncogene,official,11.11%,2.65%,ENSG00000183337
BCOR,STAD,BCOR_STAD,tsg,official,5.60%,2.65%,ENSG00000183337
BCOR,PANCAN,BCOR_PANCAN,tsg,official,,2.65%,ENSG00000183337
BRAF,PRAD,BRAF_PRAD,possible oncogene,official,1.26%,7.10%,ENSG00000157764
BRAF,GBM,BRAF_GBM,oncogene,official,1.93%,7.10%,ENSG00000157764
BRAF,COADREAD,BRAF_COADREAD,oncogene,official,5.06%,7.10%,ENSG00000157764
BRAF,PANCAN,BRAF_PANCAN,oncogene,official,,7.10%,ENSG00000157764
BRAF,LUAD,BRAF_LUAD,oncogene,official,7.19%,7.10%,ENSG00000157764
BRAF,SKCM,BRAF_SKCM,oncogene,official,52.13%,7.10%,ENSG00000157764
BRAF,THCA,BRAF_THCA,oncogene,official,59.15%,7.10%,ENSG00000157764
BRCA1,OV,BRCA1_OV,possible tsg,official,4.41%,2.05%,ENSG00000012048
BRCA1,PANCAN,BRCA1_PANCAN,tsg,official,,2.05%,ENSG00000012048
BRCA1,BRCA,BRCA1_BRCA,tsg,official,3.08%,2.05%,ENSG00000012048
BRCA2,PANCAN,BRCA2_PANCAN,possible tsg,official,,3.27%,ENSG00000139618
BRD7,LIHC,BRD7_LIHC,tsg,official,3.11%,0.85%,ENSG00000166164
BRD7,PANCAN,BRD7_PANCAN,tsg,official,,0.85%,ENSG00000166164
BRD7,SKCM,BRD7_SKCM,tsg,official,2.84%,0.85%,ENSG00000166164
BTG2,DLBC,BTG2_DLBC,possible tsg,official,35.14%,0.57%,ENSG00000159388
CACNA1A,PANCAN,CACNA1A_PANCAN,possible oncogene,official,,3.43%,ENSG00000141837
CARD11,DLBC,CARD11_DLBC,possible oncogene,official,21.62%,2.80%,ENSG00000198286
CASP8,CESC,CASP8_CESC,tsg,official,4.38%,1.75%,ENSG00000064012
CASP8,STAD,CASP8_STAD,possible tsg,official,2.24%,1.75%,ENSG00000064012
CASP8,PANCAN,CASP8_PANCAN,tsg,official,,1.75%,ENSG00000064012
CASP8,BRCA,CASP8_BRCA,possible tsg,official,2.05%,1.75%,ENSG00000064012
CASP8,HNSC,CASP8_HNSC,tsg,official,10.36%,1.75%,ENSG00000064012
CBFB,PANCAN,CBFB_PANCAN,possible tsg,official,,0.48%,ENSG00000067955
CBFB,BRCA,CBFB_BRCA,possible tsg,official,2.31%,0.48%,ENSG00000067955
CBWD3,PANCAN,CBWD3_PANCAN,,official,,0.07%,ENSG00000196873
CCND1,PANCAN,CCND1_PANCAN,possible oncogene,official,,0.77%,ENSG00000110092
CCND1,UCEC,CCND1_UCEC,possible oncogene,official,7.07%,0.77%,ENSG00000110092
CD70,DLBC,CD70_DLBC,possible tsg,official,10.81%,0.37%,ENSG00000125726
CD79B,DLBC,CD79B_DLBC,oncogene,official,13.51%,0.39%,ENSG00000007312
CDH1,PANCAN,CDH1_PANCAN,tsg,official,,2.43%,ENSG00000039068
CDH1,STAD,CDH1_STAD,oncogene,official,8.96%,2.43%,ENSG00000039068
CDH1,BRCA,CDH1_BRCA,tsg,official,13.09%,2.43%,ENSG00000039068
CDK12,OV,CDK12_OV,tsg,official,4.66%,2.05%,ENSG00000167258
CDK12,PANCAN,CDK12_PANCAN,tsg,official,,2.05%,ENSG00000167258
CDK4,PANCAN,CDK4_PANCAN,oncogene,official,,0.44%,ENSG00000135446
CDK4,SKCM,CDK4_SKCM,oncogene,official,2.61%,0.44%,ENSG00000135446
CDKN1A,LIHC,CDKN1A_LIHC,possible oncogene,official,2.54%,0.91%,ENSG00000124762
CDKN1A,BLCA,CDKN1A_BLCA,tsg,official,9.59%,0.91%,ENSG00000124762
CDKN1A,PANCAN,CDKN1A_PANCAN,tsg,official,,0.91%,ENSG00000124762
CDKN1B,BRCA,CDKN1B_BRCA,possible tsg,official,1.16%,0.66%,ENSG00000111276
CDKN1B,PANCAN,CDKN1B_PANCAN,possible tsg,official,,0.66%,ENSG00000111276
CDKN2A,LIHC,CDKN2A_LIHC,possible tsg,official,2.82%,3.99%,ENSG00000147889
CDKN2A,LUAD,CDKN2A_LUAD,possible tsg,official,3.71%,3.99%,ENSG00000147889
CDKN2A,STAD,CDKN2A_STAD,possible tsg,official,3.92%,3.99%,ENSG00000147889
CDKN2A,BLCA,CDKN2A_BLCA,tsg,official,5.18%,3.99%,ENSG00000147889
CDKN2A,ESCA,CDKN2A_ESCA,possible tsg,official,8.14%,3.99%,ENSG00000147889
CDKN2A,PANCAN,CDKN2A_PANCAN,tsg,official,,3.99%,ENSG00000147889
CDKN2A,LUSC,CDKN2A_LUSC,tsg,official,16.16%,3.99%,ENSG00000147889
CDKN2A,SKCM,CDKN2A_SKCM,tsg,official,11.37%,3.99%,ENSG00000147889
CDKN2A,HNSC,CDKN2A_HNSC,tsg,official,20.72%,3.99%,ENSG00000147889
CDKN2A,PAAD,CDKN2A_PAAD,tsg,official,22.58%,3.99%,ENSG00000147889
CDKN2C,PANCAN,CDKN2C_PANCAN,possible tsg,rescued,,0.37%,ENSG00000123080
CEBPA,LAML,CEBPA_LAML,possible oncogene,rescued,0.72%,0.19%,ENSG00000245848
CHD3,PANCAN,CHD3_PANCAN,possible tsg,official,,2.03%,ENSG00000170004
CHD3,UCEC,CHD3_UCEC,possible tsg,official,10.86%,2.03%,ENSG00000170004
CHD4,BRCA,CHD4_BRCA,oncogene,official,2.57%,3.10%,ENSG00000111642
CHD4,UCS,CHD4_UCS,possible tsg,official,14.55%,3.10%,ENSG00000111642
CHD4,UCEC,CHD4_UCEC,possible oncogene,official,16.92%,3.10%,ENSG00000111642
CHD4,PANCAN,CHD4_PANCAN,possible oncogene,official,,3.10%,ENSG00000111642
CHD8,PANCAN,CHD8_PANCAN,tsg,official,,2.29%,ENSG00000100888
CHEK2,PANCAN,CHEK2_PANCAN,possible tsg,official,,0.87%,ENSG00000183765
CIC,PANCAN,CIC_PANCAN,possible tsg,official,,2.76%,ENSG00000079432
CIC,LGG,CIC_LGG,possible tsg,official,21.37%,2.76%,ENSG00000079432
CNBD1,STAD,CNBD1_STAD,oncogene,official,4.20%,1.41%,ENSG00000176571
COL5A1,SKCM,COL5A1_SKCM,oncogene,official,17.77%,3.97%,ENSG00000130635
CREB3L3,LIHC,CREB3L3_LIHC,possible tsg,official,1.69%,0.96%,ENSG00000060566
CREBBP,BLCA,CREBBP_BLCA,tsg,official,12.69%,3.66%,ENSG00000005339
CREBBP,PANCAN,CREBBP_PANCAN,tsg,official,,3.66%,ENSG00000005339
CSDE1,PCPG,CSDE1_PCPG,tsg,official,2.23%,1.18%,ENSG00000009307
CTCF,BRCA,CTCF_BRCA,possible tsg,official,2.57%,1.94%,ENSG00000102974
CTCF,PANCAN,CTCF_PANCAN,tsg,official,,1.94%,ENSG00000102974
CTCF,UCEC,CTCF_UCEC,tsg,official,18.43%,1.94%,ENSG00000102974
CTNNB1,BLCA,CTNNB1_BLCA,oncogene,official,3.11%,3.57%,ENSG00000168036
CTNNB1,COADREAD,CTNNB1_COADREAD,oncogene,official,3.80%,3.57%,ENSG00000168036
CTNNB1,SKCM,CTNNB1_SKCM,oncogene,official,5.21%,3.57%,ENSG00000168036
CTNNB1,PRAD,CTNNB1_PRAD,oncogene,official,1.89%,3.57%,ENSG00000168036
CTNNB1,STAD,CTNNB1_STAD,oncogene,official,4.76%,3.57%,ENSG00000168036
CTNNB1,LUAD,CTNNB1_LUAD,oncogene,official,3.94%,3.57%,ENSG00000168036
CTNNB1,PANCAN,CTNNB1_PANCAN,oncogene,official,,3.57%,ENSG00000168036
CTNNB1,UCEC,CTNNB1_UCEC,oncogene,official,21.46%,3.57%,ENSG00000168036
CTNNB1,ACC,CTNNB1_ACC,oncogene,official,15.56%,3.57%,ENSG00000168036
CTNNB1,LIHC,CTNNB1_LIHC,oncogene,official,26.27%,3.57%,ENSG00000168036
CTNND1,UCEC,CTNND1_UCEC,tsg,official,6.31%,1.53%,ENSG00000198561
CTNND1,PANCAN,CTNND1_PANCAN,tsg,official,,1.53%,ENSG00000198561
CUL1,BLCA,CUL1_BLCA,oncogene,official,4.66%,1.20%,ENSG00000055130
CUL1,PANCAN,CUL1_PANCAN,oncogene,official,,1.20%,ENSG00000055130
CUL3,HNSC,CUL3_HNSC,possible tsg,official,3.59%,1.40%,ENSG00000036257
CUL3,LUSC,CUL3_LUSC,tsg,official,5.60%,1.40%,ENSG00000036257
CUL3,PANCAN,CUL3_PANCAN,tsg,official,,1.40%,ENSG00000036257
CUL3,KIRP,CUL3_KIRP,tsg,official,3.64%,1.40%,ENSG00000036257
CYLD,HNSC,CYLD_HNSC,possible tsg,official,2.39%,0.98%,ENSG00000083799
CYSLTR2,UVM,CYSLTR2_UVM,oncogene,official,3.75%,0.74%,ENSG00000152207
DACH1,SKCM,DACH1_SKCM,oncogene,official,8.53%,1.76%,ENSG00000276644
DAZAP1,PANCAN,DAZAP1_PANCAN,possible tsg,official,,0.87%,ENSG00000071626
DDX3X,SKCM,DDX3X_SKCM,tsg,official,5.45%,1.44%,ENSG00000215301
DDX3X,PANCAN,DDX3X_PANCAN,tsg,official,,1.44%,ENSG00000215301
DHX9,LIHC,DHX9_LIHC,possible oncogene,official,3.11%,1.31%,ENSG00000135829
DIAPH2,BLCA,DIAPH2_BLCA,possible oncogene,official,5.44%,1.60%,ENSG00000147202
DICER1,UCEC,DICER1_UCEC,possible oncogene,official,6.31%,1.93%,ENSG00000100697
DMD,STAD,DMD_STAD,oncogene,official,10.64%,7.03%,ENSG00000198947
DNMT3A,PANCAN,DNMT3A_PANCAN,tsg,official,,2.06%,ENSG00000119772
DNMT3A,THCA,DNMT3A_THCA,tsg,official,0.81%,2.06%,ENSG00000119772
DNMT3A,LAML,DNMT3A_LAML,tsg,official,12.23%,2.06%,ENSG00000119772
EEF1A1,PANCAN,EEF1A1_PANCAN,possible oncogene,official,,1.12%,ENSG00000156508
EEF1A1,LIHC,EEF1A1_LIHC,oncogene,official,2.82%,1.12%,ENSG00000156508
EEF2,PAAD,EEF2_PAAD,tsg,official,1.94%,1.07%,ENSG00000167658
EGFR,PANCAN,EGFR_PANCAN,oncogene,official,,3.78%,ENSG00000146648
EGFR,GBM,EGFR_GBM,oncogene,official,23.15%,3.78%,ENSG00000146648
EGFR,LUAD,EGFR_LUAD,oncogene,official,13.92%,3.78%,ENSG00000146648
EGFR,LGG,EGFR_LGG,oncogene,official,6.86%,3.78%,ENSG00000146648
EGR3,PANCAN,EGR3_PANCAN,,rescued,,0.61%,ENSG00000179388
EIF1AX,PANCAN,EIF1AX_PANCAN,possible oncogene,official,,0.62%,ENSG00000173674
EIF1AX,THCA,EIF1AX_THCA,oncogene,official,1.42%,0.62%,ENSG00000173674
EIF1AX,UVM,EIF1AX_UVM,oncogene,official,12.50%,0.62%,ENSG00000173674
ELF3,PANCAN,ELF3_PANCAN,possible tsg,official,,1.33%,ENSG00000163435
ELF3,BLCA,ELF3_BLCA,possible tsg,official,13.99%,1.33%,ENSG00000163435
EP300,UCEC,EP300_UCEC,tsg,official,9.09%,3.30%,ENSG00000100393
EP300,LUSC,EP300_LUSC,oncogene,official,3.66%,3.30%,ENSG00000100393
EP300,PANCAN,EP300_PANCAN,tsg,official,,3.30%,ENSG00000100393
EP300,BLCA,EP300_BLCA,tsg,official,13.73%,3.30%,ENSG00000100393
EP300,HNSC,EP300_HNSC,possible tsg,official,7.37%,3.30%,ENSG00000100393
EP300,CESC,EP300_CESC,tsg,official,10.95%,3.30%,ENSG00000100393
EPAS1,PCPG,EPAS1_PCPG,oncogene,official,4.47%,1.33%,ENSG00000116016
EPHA2,CHOL,EPHA2_CHOL,tsg,official,11.76%,1.58%,ENSG00000142627
EPHA2,PANCAN,EPHA2_PANCAN,tsg,official,,1.58%,ENSG00000142627
EPHA2,HNSC,EPHA2_HNSC,tsg,official,4.78%,1.58%,ENSG00000142627
EPHA3,PANCAN,EPHA3_PANCAN,,rescued,,3.61%,ENSG00000044524
ERBB2,ESCA,ERBB2_ESCA,possible oncogene,official,4.65%,2.28%,ENSG00000141736
ERBB2,STAD,ERBB2_STAD,oncogene,official,4.20%,2.28%,ENSG00000141736
ERBB2,UCEC,ERBB2_UCEC,oncogene,official,4.55%,2.28%,ENSG00000141736
ERBB2,CESC,ERBB2_CESC,oncogene,official,5.11%,2.28%,ENSG00000141736
ERBB2,BLCA,ERBB2_BLCA,oncogene,official,12.95%,2.28%,ENSG00000141736
ERBB2,PANCAN,ERBB2_PANCAN,oncogene,official,,2.28%,ENSG00000141736
ERBB2,BRCA,ERBB2_BRCA,oncogene,official,2.57%,2.28%,ENSG00000141736
ERBB3,CESC,ERBB3_CESC,oncogene,official,5.11%,2.57%,ENSG00000065361
ERBB3,BLCA,ERBB3_BLCA,oncogene,official,11.92%,2.57%,ENSG00000065361
ERBB3,PANCAN,ERBB3_PANCAN,possible oncogene,official,,2.57%,ENSG00000065361
ERBB3,UCEC,ERBB3_UCEC,oncogene,official,7.83%,2.57%,ENSG00000065361
ERBB4,STAD,ERBB4_STAD,oncogene,official,9.80%,3.86%,ENSG00000178568
ERCC2,PANCAN,ERCC2_PANCAN,possible oncogene,official,,1.13%,ENSG00000104884
ERCC2,BLCA,ERCC2_BLCA,oncogene,official,9.33%,1.13%,ENSG00000104884
ESR1,PANCAN,ESR1_PANCAN,,rescued,,1.12%,ENSG00000091831
EZH2,LAML,EZH2_LAML,,rescued,0.00%,0.82%,ENSG00000106462
FAM46D,STAD,FAM46D_STAD,oncogene,official,1.96%,1.10%,ENSG00000174016
FAT1,CESC,FAT1_CESC,possible tsg,official,8.03%,6.22%,ENSG00000083857
FAT1,UCEC,FAT1_UCEC,tsg,official,15.15%,6.22%,ENSG00000083857
FAT1,BLCA,FAT1_BLCA,tsg,official,11.66%,6.22%,ENSG00000083857
FAT1,PANCAN,FAT1_PANCAN,tsg,official,,6.22%,ENSG00000083857
FAT1,LUSC,FAT1_LUSC,tsg,official,15.52%,6.22%,ENSG00000083857
FAT1,HNSC,FAT1_HNSC,tsg,official,24.10%,6.22%,ENSG00000083857
FBXW7,BRCA,FBXW7_BRCA,possible oncogene,official,1.80%,3.77%,ENSG00000109670
FBXW7,ESCA,FBXW7_ESCA,tsg,official,5.23%,3.77%,ENSG00000109670
FBXW7,STAD,FBXW7_STAD,tsg,official,3.08%,3.77%,ENSG00000109670
FBXW7,LUSC,FBXW7_LUSC,possible tsg,official,5.60%,3.77%,ENSG00000109670
FBXW7,UCEC,FBXW7_UCEC,possible oncogene,official,16.41%,3.77%,ENSG00000109670
FBXW7,BLCA,FBXW7_BLCA,tsg,official,9.07%,3.77%,ENSG00000109670
FBXW7,COADREAD,FBXW7_COADREAD,tsg,official,12.03%,3.77%,ENSG00000109670
FBXW7,PANCAN,FBXW7_PANCAN,tsg,official,,3.77%,ENSG00000109670
FBXW7,CESC,FBXW7_CESC,possible tsg,official,11.31%,3.77%,ENSG00000109670
FBXW7,UCS,FBXW7_UCS,oncogene,official,38.18%,3.77%,ENSG00000109670
FBXW7,HNSC,FBXW7_HNSC,possible tsg,official,7.57%,3.77%,ENSG00000109670
FGFR1,PANCAN,FGFR1_PANCAN,,rescued,,1.15%,ENSG00000077782
FGFR2,LUSC,FGFR2_LUSC,oncogene,official,3.02%,1.94%,ENSG00000066468
FGFR2,PANCAN,FGFR2_PANCAN,oncogene,official,,1.94%,ENSG00000066468
FGFR2,UCEC,FGFR2_UCEC,oncogene,official,12.12%,1.94%,ENSG00000066468
FGFR3,PANCAN,FGFR3_PANCAN,oncogene,official,,1.53%,ENSG00000068078
FGFR3,HNSC,FGFR3_HNSC,oncogene,official,1.79%,1.53%,ENSG00000068078
FGFR3,BLCA,FGFR3_BLCA,oncogene,official,15.28%,1.53%,ENSG00000068078
FLNA,HNSC,FLNA_HNSC,tsg,official,3.59%,3.24%,ENSG00000196924
FLT3,LAML,FLT3_LAML,oncogene,official,5.04%,1.76%,ENSG00000122025
FOXA1,BLCA,FOXA1_BLCA,possible tsg,official,3.89%,1.34%,ENSG00000129514
FOXA1,PANCAN,FOXA1_PANCAN,possible oncogene,official,,1.34%,ENSG00000129514
FOXA1,PRAD,FOXA1_PRAD,possible oncogene,official,6.50%,1.34%,ENSG00000129514
FOXA1,BRCA,FOXA1_BRCA,oncogene,official,3.47%,1.34%,ENSG00000129514
FOXA2,UCEC,FOXA2_UCEC,possible tsg,official,5.56%,0.93%,ENSG00000125798
FOXA2,PANCAN,FOXA2_PANCAN,possible tsg,official,,0.93%,ENSG00000125798
FOXQ1,BLCA,FOXQ1_BLCA,possible tsg,official,3.89%,0.53%,ENSG00000164379
FUBP1,PANCAN,FUBP1_PANCAN,tsg,official,,1.33%,ENSG00000162613
FUBP1,LGG,FUBP1_LGG,possible tsg,official,9.22%,1.33%,ENSG00000162613
GABRA6,GBM,GABRA6_GBM,,official,4.50%,1.96%,ENSG00000145863
GATA3,PANCAN,GATA3_PANCAN,possible tsg,official,,2.40%,ENSG00000107485
GATA3,BRCA,GATA3_BRCA,possible tsg,official,12.58%,2.40%,ENSG00000107485
GNA11,SKCM,GNA11_SKCM,oncogene,official,1.90%,0.78%,ENSG00000088256
GNA11,PANCAN,GNA11_PANCAN,oncogene,official,,0.78%,ENSG00000088256
GNA11,UVM,GNA11_UVM,oncogene,official,45.00%,0.78%,ENSG00000088256
GNA13,BLCA,GNA13_BLCA,oncogene,official,3.37%,0.59%,ENSG00000120063
GNAQ,PANCAN,GNAQ_PANCAN,oncogene,official,,0.91%,ENSG00000156052
GNAQ,UVM,GNAQ_UVM,oncogene,official,50.00%,0.91%,ENSG00000156052
GNAS,COADREAD,GNAS_COADREAD,oncogene,official,3.48%,2.00%,ENSG00000087460
GNAS,LIHC,GNAS_LIHC,oncogene,official,2.82%,2.00%,ENSG00000087460
GNAS,PAAD,GNAS_PAAD,oncogene,official,3.87%,2.00%,ENSG00000087460
GPS2,BRCA,GPS2_BRCA,possible tsg,official,1.03%,0.51%,ENSG00000132522
GPS2,PANCAN,GPS2_PANCAN,tsg,official,,0.51%,ENSG00000132522
GRIN2D,PANCAN,GRIN2D_PANCAN,possible oncogene,official,,1.18%,ENSG00000105464
GTF2I,PANCAN,GTF2I_PANCAN,oncogene,official,,1.45%,ENSG00000263001
GTF2I,THYM,GTF2I_THYM,oncogene,official,49.59%,1.45%,ENSG00000263001
H3F3A,PANCAN,H3F3A_PANCAN,possible oncogene,official,,0.34%,ENSG00000163041
H3F3C,PANCAN,H3F3C_PANCAN,,official,,0.70%,ENSG00000188375
HGF,PANCAN,HGF_PANCAN,,rescued,,2.31%,ENSG00000019991
HIST1H1C,PANCAN,HIST1H1C_PANCAN,,rescued,,1.13%,ENSG00000187837
HIST1H1E,DLBC,HIST1H1E_DLBC,possible oncogene,official,27.03%,1.08%,ENSG00000168298
HIST1H1E,LIHC,HIST1H1E_LIHC,possible tsg,official,1.41%,1.08%,ENSG00000168298
HLA-A,LUSC,HLA-A_LUSC,possible tsg,official,1.29%,0.70%,ENSG00000206503
HLA-A,HNSC,HLA-A_HNSC,possible tsg,official,4.38%,0.70%,ENSG00000206503
HLA-A,PANCAN,HLA-A_PANCAN,tsg,official,,0.70%,ENSG00000206503
HLA-B,DLBC,HLA-B_DLBC,tsg,official,10.81%,0.91%,ENSG00000234745
HLA-B,HNSC,HLA-B_HNSC,tsg,official,3.98%,0.91%,ENSG00000234745
HLA-B,PANCAN,HLA-B_PANCAN,tsg,official,,0.91%,ENSG00000234745
HLA-B,CESC,HLA-B_CESC,tsg,official,3.65%,0.91%,ENSG00000234745
HRAS,SKCM,HRAS_SKCM,oncogene,official,1.66%,1.45%,ENSG00000174775
HRAS,LUSC,HRAS_LUSC,oncogene,official,1.72%,1.45%,ENSG00000174775
HRAS,PRAD,HRAS_PRAD,oncogene,official,0.84%,1.45%,ENSG00000174775
HRAS,BLCA,HRAS_BLCA,oncogene,official,4.92%,1.45%,ENSG00000174775
HRAS,HNSC,HRAS_HNSC,oncogene,official,6.37%,1.45%,ENSG00000174775
HRAS,PANCAN,HRAS_PANCAN,oncogene,official,,1.45%,ENSG00000174775
HRAS,THYM,HRAS_THYM,oncogene,official,8.26%,1.45%,ENSG00000174775
HRAS,THCA,HRAS_THCA,oncogene,official,3.46%,1.45%,ENSG00000174775
HRAS,PCPG,HRAS_PCPG,oncogene,official,10.06%,1.45%,ENSG00000174775
HUWE1,HNSC,HUWE1_HNSC,possible tsg,official,10.16%,4.88%,ENSG00000086758
IDH1,LIHC,IDH1_LIHC,oncogene,official,1.98%,5.56%,ENSG00000138413
IDH1,PRAD,IDH1_PRAD,oncogene,official,0.84%,5.56%,ENSG00000138413
IDH1,LAML,IDH1_LAML,oncogene,official,3.60%,5.56%,ENSG00000138413
IDH1,CHOL,IDH1_CHOL,oncogene,official,14.71%,5.56%,ENSG00000138413
IDH1,GBM,IDH1_GBM,oncogene,official,5.14%,5.56%,ENSG00000138413
IDH1,SKCM,IDH1_SKCM,oncogene,official,5.69%,5.56%,ENSG00000138413
IDH1,PANCAN,IDH1_PANCAN,oncogene,official,,5.56%,ENSG00000138413
IDH1,LGG,IDH1_LGG,oncogene,official,77.84%,5.56%,ENSG00000138413
IDH2,PANCAN,IDH2_PANCAN,possible oncogene,official,,0.65%,ENSG00000182054
IDH2,LAML,IDH2_LAML,oncogene,official,5.76%,0.65%,ENSG00000182054
IDH2,LGG,IDH2_LGG,oncogene,official,4.12%,0.65%,ENSG00000182054
IL6ST,LIHC,IL6ST_LIHC,possible tsg,official,3.39%,0.98%,ENSG00000134352
IL7R,PANCAN,IL7R_PANCAN,,rescued,,1.91%,ENSG00000168685
INPPL1,PANCAN,INPPL1_PANCAN,possible tsg,official,,1.87%,ENSG00000165458
INPPL1,UCEC,INPPL1_UCEC,possible tsg,official,10.35%,1.87%,ENSG00000165458
IRF2,PANCAN,IRF2_PANCAN,tsg,official,,0.82%,ENSG00000168310
IRF6,PANCAN,IRF6_PANCAN,possible tsg,official,,0.77%,ENSG00000117595
JAK1,PANCAN,JAK1_PANCAN,tsg,official,,1.37%,ENSG00000162434
JAK2,PANCAN,JAK2_PANCAN,,rescued,,1.10%,ENSG00000096968
JAK3,PANCAN,JAK3_PANCAN,,rescued,,1.54%,ENSG00000105639
KANSL1,BLCA,KANSL1_BLCA,tsg,official,5.18%,1.81%,ENSG00000120071
KANSL1,UCEC,KANSL1_UCEC,tsg,official,9.34%,1.81%,ENSG00000120071
KANSL1,PANCAN,KANSL1_PANCAN,tsg,official,,1.81%,ENSG00000120071
KDM5C,PANCAN,KDM5C_PANCAN,possible tsg,official,,1.54%,ENSG00000126012
KDM5C,KIRC,KDM5C_KIRC,tsg,official,5.43%,1.54%,ENSG00000126012
KDM6A,HNSC,KDM6A_HNSC,tsg,official,3.78%,2.94%,ENSG00000147050
KDM6A,PAAD,KDM6A_PAAD,tsg,official,4.52%,2.94%,ENSG00000147050
KDM6A,PRAD,KDM6A_PRAD,possible tsg,official,2.31%,2.94%,ENSG00000147050
KDM6A,LUSC,KDM6A_LUSC,tsg,official,5.17%,2.94%,ENSG00000147050
KDM6A,BLCA,KDM6A_BLCA,tsg,official,26.42%,2.94%,ENSG00000147050
KDM6A,KIRP,KDM6A_KIRP,tsg,official,3.27%,2.94%,ENSG00000147050
KDM6A,PANCAN,KDM6A_PANCAN,tsg,official,,2.94%,ENSG00000147050
KEAP1,LIHC,KEAP1_LIHC,possible tsg,official,5.08%,2.43%,ENSG00000079999
KEAP1,HNSC,KEAP1_HNSC,possible oncogene,official,4.58%,2.43%,ENSG00000079999
KEAP1,PANCAN,KEAP1_PANCAN,possible tsg,official,,2.43%,ENSG00000079999
KEAP1,LUAD,KEAP1_LUAD,possible tsg,official,17.17%,2.43%,ENSG00000079999
KEAP1,LUSC,KEAP1_LUSC,oncogene,official,10.99%,2.43%,ENSG00000079999
KEL,GBM,KEL_GBM,,official,5.47%,2.09%,ENSG00000197993
KIF1A,KIRC,KIF1A_KIRC,tsg,official,1.63%,2.56%,ENSG00000130294
KIT,LAML,KIT_LAML,oncogene,official,2.16%,2.09%,ENSG00000157404
KIT,PANCAN,KIT_PANCAN,possible oncogene,official,,2.09%,ENSG00000157404
KIT,SKCM,KIT_SKCM,oncogene,official,4.27%,2.09%,ENSG00000157404
KIT,TGCT,KIT_TGCT,oncogene,official,14.48%,2.09%,ENSG00000157404
KLF5,PANCAN,KLF5_PANCAN,possible oncogene,official,,0.97%,ENSG00000102554
KLF5,BLCA,KLF5_BLCA,possible oncogene,official,5.44%,0.97%,ENSG00000102554
KLF5,LUSC,KLF5_LUSC,oncogene,official,2.59%,0.97%,ENSG00000102554
KLF5,CESC,KLF5_CESC,possible oncogene,official,3.28%,0.97%,ENSG00000102554
KMT2A,PANCAN,KMT2A_PANCAN,tsg,official,,3.66%,ENSG00000118058
KMT2B,PANCAN,KMT2B_PANCAN,tsg,official,,3.21%,ENSG00000272333
KMT2B,UCEC,KMT2B_UCEC,tsg,official,17.68%,3.21%,ENSG00000272333
KMT2C,UCEC,KMT2C_UCEC,tsg,official,16.16%,8.11%,ENSG00000055609
KMT2C,BLCA,KMT2C_BLCA,tsg,official,20.21%,8.11%,ENSG00000055609
KMT2C,PANCAN,KMT2C_PANCAN,tsg,official,,8.11%,ENSG00000055609
KMT2C,BRCA,KMT2C_BRCA,tsg,official,9.50%,8.11%,ENSG00000055609
KMT2C,CESC,KMT2C_CESC,tsg,official,17.52%,8.11%,ENSG00000055609
KMT2D,ESCA,KMT2D_ESCA,tsg,official,12.79%,8.33%,ENSG00000167548
KMT2D,BLCA,KMT2D_BLCA,tsg,official,26.94%,8.33%,ENSG00000167548
KMT2D,PRAD,KMT2D_PRAD,tsg,official,5.66%,8.33%,ENSG00000167548
KMT2D,CESC,KMT2D_CESC,tsg,official,14.96%,8.33%,ENSG00000167548
KMT2D,PANCAN,KMT2D_PANCAN,tsg,official,,8.33%,ENSG00000167548
KMT2D,HNSC,KMT2D_HNSC,tsg,official,15.14%,8.33%,ENSG00000167548
KMT2D,LUSC,KMT2D_LUSC,tsg,official,22.41%,8.33%,ENSG00000167548
KMT2D,DLBC,KMT2D_DLBC,tsg,official,35.14%,8.33%,ENSG00000167548
KRAS,SKCM,KRAS_SKCM,oncogene,official,2.13%,6.95%,ENSG00000133703
KRAS,THCA,KRAS_THCA,oncogene,official,0.81%,6.95%,ENSG00000133703
KRAS,BRCA,KRAS_BRCA,oncogene,official,0.90%,6.95%,ENSG00000133703
KRAS,KIRP,KRAS_KIRP,oncogene,official,1.82%,6.95%,ENSG00000133703
KRAS,LIHC,KRAS_LIHC,oncogene,official,1.69%,6.95%,ENSG00000133703
KRAS,OV,KRAS_OV,oncogene,official,1.47%,6.95%,ENSG00000133703
KRAS,STAD,KRAS_STAD,oncogene,official,7.00%,6.95%,ENSG00000133703
KRAS,BLCA,KRAS_BLCA,oncogene,official,4.15%,6.95%,ENSG00000133703
KRAS,CESC,KRAS_CESC,oncogene,official,6.20%,6.95%,ENSG00000133703
KRAS,LAML,KRAS_LAML,oncogene,official,4.32%,6.95%,ENSG00000133703
KRAS,TGCT,KRAS_TGCT,oncogene,official,8.28%,6.95%,ENSG00000133703
KRAS,UCEC,KRAS_UCEC,oncogene,official,20.96%,6.95%,ENSG00000133703
KRAS,UCS,KRAS_UCS,oncogene,official,12.73%,6.95%,ENSG00000133703
KRAS,PANCAN,KRAS_PANCAN,oncogene,official,,6.95%,ENSG00000133703
KRAS,COADREAD,KRAS_COADREAD,oncogene,official,47.78%,6.95%,ENSG00000133703
KRAS,LUAD,KRAS_LUAD,oncogene,official,31.55%,6.95%,ENSG00000133703
KRAS,PAAD,KRAS_PAAD,oncogene,official,73.55%,6.95%,ENSG00000133703
KRT222,PANCAN,KRT222_PANCAN,possible tsg,official,,0.34%,ENSG00000213424
LATS1,CESC,LATS1_CESC,tsg,official,3.65%,1.45%,ENSG00000131023
LATS2,MESO,LATS2_MESO,tsg,official,9.88%,1.31%,ENSG00000150457
LEMD2,PANCAN,LEMD2_PANCAN,,official,,0.44%,ENSG00000161904
LZTR1,GBM,LZTR1_GBM,possible oncogene,official,3.54%,1.49%,ENSG00000099949
LZTR1,LIHC,LZTR1_LIHC,possible tsg,official,3.95%,1.49%,ENSG00000099949
MACF1,PANCAN,MACF1_PANCAN,possible oncogene,rescued,,5.98%,ENSG00000127603
MAP2K1,PANCAN,MAP2K1_PANCAN,oncogene,official,,0.88%,ENSG00000169032
MAP2K1,SKCM,MAP2K1_SKCM,oncogene,official,6.16%,0.88%,ENSG00000169032
MAP2K4,PANCAN,MAP2K4_PANCAN,tsg,official,,1.19%,ENSG00000065559
MAP2K4,BRCA,MAP2K4_BRCA,tsg,official,3.98%,1.19%,ENSG00000065559
MAP3K1,CESC,MAP3K1_CESC,tsg,official,1.46%,2.07%,ENSG00000095015
MAP3K1,PANCAN,MAP3K1_PANCAN,tsg,official,,2.07%,ENSG00000095015
MAP3K1,UCEC,MAP3K1_UCEC,tsg,official,7.07%,2.07%,ENSG00000095015
MAP3K1,BRCA,MAP3K1_BRCA,tsg,official,8.34%,2.07%,ENSG00000095015
MAP3K4,UCS,MAP3K4_UCS,possible tsg,official,5.45%,1.80%,ENSG00000085511
MAPK1,PANCAN,MAPK1_PANCAN,oncogene,official,,0.68%,ENSG00000100030
MAPK1,HNSC,MAPK1_HNSC,oncogene,official,1.79%,0.68%,ENSG00000100030
MAPK1,CESC,MAPK1_CESC,oncogene,official,4.74%,0.68%,ENSG00000100030
MAX,UCEC,MAX_UCEC,oncogene,official,4.55%,0.65%,ENSG00000125952
MAX,LGG,MAX_LGG,oncogene,official,0.78%,0.65%,ENSG00000125952
MECOM,SKCM,MECOM_SKCM,possible oncogene,official,18.25%,2.70%,ENSG00000085276
MED12,PRAD,MED12_PRAD,oncogene,official,1.47%,3.21%,ENSG00000184634
MEN1,ACC,MEN1_ACC,tsg,official,7.78%,0.82%,ENSG00000133895
MET,LUAD,MET_LUAD,possible tsg,official,4.41%,1.93%,ENSG00000105976
MET,KIRP,MET_KIRP,oncogene,official,8.00%,1.93%,ENSG00000105976
MGA,LUAD,MGA_LUAD,tsg,official,6.96%,3.27%,ENSG00000174197
MGA,PANCAN,MGA_PANCAN,tsg,official,,3.27%,ENSG00000174197
MGMT,PANCAN,MGMT_PANCAN,,rescued,,0.29%,ENSG00000170430
MLH1,PANCAN,MLH1_PANCAN,,rescued,,0.97%,ENSG00000076242
MSH2,PANCAN,MSH2_PANCAN,,rescued,,0.83%,ENSG00000095002
MSH3,PANCAN,MSH3_PANCAN,possible oncogene,rescued,,1.00%,ENSG00000113318
MSH6,UCEC,MSH6_UCEC,tsg,official,4.29%,1.06%,ENSG00000116062
MTOR,PANCAN,MTOR_PANCAN,possible oncogene,official,,2.70%,ENSG00000198793
MTOR,KIRC,MTOR_KIRC,oncogene,official,9.24%,2.70%,ENSG00000198793
MUC6,STAD,MUC6_STAD,possible tsg,official,6.72%,2.43%,ENSG00000184956
MYC,PANCAN,MYC_PANCAN,oncogene,official,,0.82%,ENSG00000136997
MYCN,UCEC,MYCN_UCEC,oncogene,official,3.28%,0.84%,ENSG00000134323
MYD88,DLBC,MYD88_DLBC,oncogene,official,18.92%,0.47%,ENSG00000172936
MYH9,HNSC,MYH9_HNSC,oncogene,official,5.18%,2.78%,ENSG00000100345
NCOR1,PANCAN,NCOR1_PANCAN,tsg,official,,3.01%,ENSG00000141027
NCOR1,BRCA,NCOR1_BRCA,tsg,official,4.75%,3.01%,ENSG00000141027
NF1,LUSC,NF1_LUSC,tsg,official,11.42%,5.29%,ENSG00000196712
NF1,BRCA,NF1_BRCA,tsg,official,3.85%,5.29%,ENSG00000196712
NF1,PANCAN,NF1_PANCAN,tsg,official,,5.29%,ENSG00000196712
NF1,PCPG,NF1_PCPG,tsg,official,8.94%,5.29%,ENSG00000196712
NF1,SKCM,NF1_SKCM,tsg,official,12.80%,5.29%,ENSG00000196712
NF1,LUAD,NF1_LUAD,tsg,official,12.06%,5.29%,ENSG00000196712
NF1,GBM,NF1_GBM,tsg,official,10.29%,5.29%,ENSG00000196712
NF1,OV,NF1_OV,tsg,official,7.60%,5.29%,ENSG00000196712
NF1,LGG,NF1_LGG,tsg,official,5.88%,5.29%,ENSG00000196712
NF2,KIRP,NF2_KIRP,tsg,official,3.27%,1.19%,ENSG00000186575
NF2,PANCAN,NF2_PANCAN,tsg,official,,1.19%,ENSG00000186575
NF2,MESO,NF2_MESO,tsg,official,23.46%,1.19%,ENSG00000186575
NFE2L2,BLCA,NFE2L2_BLCA,oncogene,official,6.48%,2.78%,ENSG00000116044
NFE2L2,PANCAN,NFE2L2_PANCAN,oncogene,official,,2.78%,ENSG00000116044
NFE2L2,UCEC,NFE2L2_UCEC,oncogene,official,7.83%,2.78%,ENSG00000116044
NFE2L2,HNSC,NFE2L2_HNSC,oncogene,official,6.18%,2.78%,ENSG00000116044
NFE2L2,CESC,NFE2L2_CESC,oncogene,official,4.74%,2.78%,ENSG00000116044
NFE2L2,LIHC,NFE2L2_LIHC,oncogene,official,3.39%,2.78%,ENSG00000116044
NFE2L2,ESCA,NFE2L2_ESCA,oncogene,official,11.05%,2.78%,ENSG00000116044
NFE2L2,LUSC,NFE2L2_LUSC,oncogene,official,15.30%,2.78%,ENSG00000116044
NIPBL,PANCAN,NIPBL_PANCAN,tsg,official,,3.40%,ENSG00000164190
NIPBL,LGG,NIPBL_LGG,tsg,official,3.53%,3.40%,ENSG00000164190
NOTCH1,ESCA,NOTCH1_ESCA,tsg,official,8.72%,3.94%,ENSG00000148400
NOTCH1,CESC,NOTCH1_CESC,possible tsg,official,6.57%,3.94%,ENSG00000148400
NOTCH1,LUSC,NOTCH1_LUSC,tsg,official,8.84%,3.94%,ENSG00000148400
NOTCH1,PANCAN,NOTCH1_PANCAN,tsg,official,,3.94%,ENSG00000148400
NOTCH1,LGG,NOTCH1_LGG,possible tsg,official,7.25%,3.94%,ENSG00000148400
NOTCH1,HNSC,NOTCH1_HNSC,tsg,official,18.13%,3.94%,ENSG00000148400
NOTCH2,PANCAN,NOTCH2_PANCAN,,rescued,,2.41%,ENSG00000134250
NPM1,LAML,NPM1_LAML,oncogene,official,6.47%,0.51%,ENSG00000181163
NRAS,LIHC,NRAS_LIHC,possible tsg,official,1.41%,2.68%,ENSG00000213281
NRAS,BLCA,NRAS_BLCA,oncogene,official,2.07%,2.68%,ENSG00000213281
NRAS,UCEC,NRAS_UCEC,oncogene,official,3.28%,2.68%,ENSG00000213281
NRAS,LGG,NRAS_LGG,oncogene,official,0.78%,2.68%,ENSG00000213281
NRAS,OV,NRAS_OV,oncogene,official,1.23%,2.68%,ENSG00000213281
NRAS,COADREAD,NRAS_COADREAD,oncogene,official,6.01%,2.68%,ENSG00000213281
NRAS,THYM,NRAS_THYM,possible oncogene,official,2.48%,2.68%,ENSG00000213281
NRAS,TGCT,NRAS_TGCT,oncogene,official,3.45%,2.68%,ENSG00000213281
NRAS,PANCAN,NRAS_PANCAN,oncogene,official,,2.68%,ENSG00000213281
NRAS,SKCM,NRAS_SKCM,oncogene,official,27.73%,2.68%,ENSG00000213281
NRAS,THCA,NRAS_THCA,oncogene,official,7.93%,2.68%,ENSG00000213281
NSD1,ESCA,NSD1_ESCA,tsg,official,4.07%,3.17%,ENSG00000165671
NSD1,PANCAN,NSD1_PANCAN,tsg,official,,3.17%,ENSG00000165671
NSD1,HNSC,NSD1_HNSC,tsg,official,11.35%,3.17%,ENSG00000165671
NUP133,LIHC,NUP133_LIHC,possible tsg,official,3.67%,1.26%,ENSG00000069248
NUP93,THCA,NUP93_THCA,possible tsg,official,0.81%,0.84%,ENSG00000102900
PAX5,PANCAN,PAX5_PANCAN,,rescued,,0.82%,ENSG00000196092
PBRM1,UCEC,PBRM1_UCEC,tsg,official,5.81%,3.73%,ENSG00000163939
PBRM1,PANCAN,PBRM1_PANCAN,tsg,official,,3.73%,ENSG00000163939
PBRM1,CHOL,PBRM1_CHOL,tsg,official,17.65%,3.73%,ENSG00000163939
PBRM1,KIRC,PBRM1_KIRC,tsg,official,42.12%,3.73%,ENSG00000163939
PCBP1,PANCAN,PCBP1_PANCAN,oncogene,official,,0.68%,ENSG00000169564
PCBP1,COADREAD,PCBP1_COADREAD,oncogene,official,5.38%,0.68%,ENSG00000169564
PDGFRA,GBM,PDGFRA_GBM,possible oncogene,official,4.18%,2.43%,ENSG00000134853
PDS5B,UCEC,PDS5B_UCEC,tsg,official,6.31%,1.41%,ENSG00000083642
PGR,PANCAN,PGR_PANCAN,possible tsg,official,,1.49%,ENSG00000082175
PHF6,LAML,PHF6_LAML,possible tsg,rescued,2.16%,0.75%,ENSG00000156531
PIK3CA,KIRC,PIK3CA_KIRC,possible oncogene,official,1.63%,11.75%,ENSG00000121879
PIK3CA,KIRP,PIK3CA_KIRP,oncogene,official,1.09%,11.75%,ENSG00000121879
PIK3CA,TGCT,PIK3CA_TGCT,oncogene,official,2.07%,11.75%,ENSG00000121879
PIK3CA,GBM,PIK3CA_GBM,oncogene,official,10.93%,11.75%,ENSG00000121879
PIK3CA,LIHC,PIK3CA_LIHC,oncogene,official,3.39%,11.75%,ENSG00000121879
PIK3CA,PRAD,PIK3CA_PRAD,oncogene,official,2.52%,11.75%,ENSG00000121879
PIK3CA,ESCA,PIK3CA_ESCA,oncogene,official,9.88%,11.75%,ENSG00000121879
PIK3CA,BLCA,PIK3CA_BLCA,oncogene,official,21.24%,11.75%,ENSG00000121879
PIK3CA,LGG,PIK3CA_LGG,oncogene,official,8.04%,11.75%,ENSG00000121879
PIK3CA,LUAD,PIK3CA_LUAD,oncogene,official,4.18%,11.75%,ENSG00000121879
PIK3CA,UCEC,PIK3CA_UCEC,oncogene,official,45.71%,11.75%,ENSG00000121879
PIK3CA,UCS,PIK3CA_UCS,oncogene,official,34.55%,11.75%,ENSG00000121879
PIK3CA,COADREAD,PIK3CA_COADREAD,oncogene,official,23.10%,11.75%,ENSG00000121879
PIK3CA,PANCAN,PIK3CA_PANCAN,oncogene,official,,11.75%,ENSG00000121879
PIK3CA,STAD,PIK3CA_STAD,oncogene,official,10.64%,11.75%,ENSG00000121879
PIK3CA,HNSC,PIK3CA_HNSC,oncogene,official,17.93%,11.75%,ENSG00000121879
PIK3CA,LUSC,PIK3CA_LUSC,oncogene,official,12.50%,11.75%,ENSG00000121879
PIK3CA,CESC,PIK3CA_CESC,oncogene,official,26.64%,11.75%,ENSG00000121879
PIK3CA,BRCA,PIK3CA_BRCA,oncogene,official,34.40%,11.75%,ENSG00000121879
PIK3CB,PANCAN,PIK3CB_PANCAN,,rescued,,1.23%,ENSG00000051382
PIK3CG,PANCAN,PIK3CG_PANCAN,possible oncogene,rescued,,2.64%,ENSG00000105851
PIK3R1,BRCA,PIK3R1_BRCA,possible oncogene,official,2.70%,3.21%,ENSG00000145675
PIK3R1,LGG,PIK3R1_LGG,possible oncogene,official,4.51%,3.21%,ENSG00000145675
PIK3R1,UCS,PIK3R1_UCS,possible tsg,official,10.91%,3.21%,ENSG00000145675
PIK3R1,PANCAN,PIK3R1_PANCAN,tsg,official,,3.21%,ENSG00000145675
PIK3R1,UCEC,PIK3R1_UCEC,tsg,official,29.80%,3.21%,ENSG00000145675
PIK3R1,GBM,PIK3R1_GBM,possible tsg,official,10.29%,3.21%,ENSG00000145675
PIK3R2,PANCAN,PIK3R2_PANCAN,oncogene,official,,0.93%,ENSG00000105647
PIK3R2,UCEC,PIK3R2_UCEC,oncogene,official,5.30%,0.93%,ENSG00000105647
PIM1,DLBC,PIM1_DLBC,oncogene,official,27.03%,0.56%,ENSG00000137193
PLCB4,UVM,PLCB4_UVM,oncogene,official,2.50%,2.73%,ENSG00000101333
PLCG1,LGG,PLCG1_LGG,oncogene,official,0.78%,1.33%,ENSG00000124181
PLXNB2,PANCAN,PLXNB2_PANCAN,possible oncogene,official,,2.63%,ENSG00000196576
PMS1,PANCAN,PMS1_PANCAN,possible oncogene,rescued,,0.96%,ENSG00000064933
PMS2,PANCAN,PMS2_PANCAN,possible tsg,rescued,,1.05%,ENSG00000122512
POLE,PANCAN,POLE_PANCAN,,rescued,,2.37%,ENSG00000177084
POLQ,PANCAN,POLQ_PANCAN,,official,,3.03%,ENSG00000051341
POLRMT,CESC,POLRMT_CESC,oncogene,official,2.19%,0.99%,ENSG00000099821
PPM1D,THCA,PPM1D_THCA,,official,0.81%,0.66%,ENSG00000170836
PPP2R1A,PANCAN,PPP2R1A_PANCAN,oncogene,official,,1.77%,ENSG00000105568
PPP2R1A,UCEC,PPP2R1A_UCEC,oncogene,official,16.41%,1.77%,ENSG00000105568
PPP2R1A,UCS,PPP2R1A_UCS,oncogene,official,27.27%,1.77%,ENSG00000105568
PPP6C,SKCM,PPP6C_SKCM,oncogene,official,7.11%,0.68%,ENSG00000119414
PRKAR1A,ACC,PRKAR1A_ACC,tsg,official,5.56%,0.64%,ENSG00000108946
PSIP1,BLCA,PSIP1_BLCA,tsg,official,4.92%,0.99%,ENSG00000164985
PSIP1,PANCAN,PSIP1_PANCAN,tsg,official,,0.99%,ENSG00000164985
PTCH1,PANCAN,PTCH1_PANCAN,possible tsg,official,,1.82%,ENSG00000185920
PTCH1,ESCA,PTCH1_ESCA,tsg,official,3.49%,1.82%,ENSG00000185920
PTEN,BLCA,PTEN_BLCA,tsg,official,3.63%,7.47%,ENSG00000171862
PTEN,STAD,PTEN_STAD,possible tsg,official,4.20%,7.47%,ENSG00000171862
PTEN,COADREAD,PTEN_COADREAD,tsg,official,4.43%,7.47%,ENSG00000171862
PTEN,KICH,PTEN_KICH,tsg,official,9.23%,7.47%,ENSG00000171862
PTEN,CESC,PTEN_CESC,tsg,official,9.12%,7.47%,ENSG00000171862
PTEN,HNSC,PTEN_HNSC,tsg,official,2.39%,7.47%,ENSG00000171862
PTEN,LUSC,PTEN_LUSC,tsg,official,11.21%,7.47%,ENSG00000171862
PTEN,PRAD,PTEN_PRAD,possible tsg,official,3.77%,7.47%,ENSG00000171862
PTEN,SKCM,PTEN_SKCM,tsg,official,9.72%,7.47%,ENSG00000171862
PTEN,UCEC,PTEN_UCEC,tsg,official,59.85%,7.47%,ENSG00000171862
PTEN,UCS,PTEN_UCS,tsg,official,16.36%,7.47%,ENSG00000171862
PTEN,BRCA,PTEN_BRCA,tsg,official,5.78%,7.47%,ENSG00000171862
PTEN,GBM,PTEN_GBM,tsg,official,32.48%,7.47%,ENSG00000171862
PTEN,KIRC,PTEN_KIRC,possible tsg,official,4.08%,7.47%,ENSG00000171862
PTEN,LGG,PTEN_LGG,possible tsg,official,4.71%,7.47%,ENSG00000171862
PTEN,PANCAN,PTEN_PANCAN,tsg,official,,7.47%,ENSG00000171862
PTMA,PANCAN,PTMA_PANCAN,possible tsg,official,,0.72%,ENSG00000187514
PTMA,TGCT,PTMA_TGCT,possible tsg,official,5.52%,0.72%,ENSG00000187514
PTPDC1,LAML,PTPDC1_LAML,oncogene,official,2.88%,0.76%,ENSG00000158079
PTPN11,LAML,PTPN11_LAML,possible oncogene,official,2.88%,0.89%,ENSG00000179295
PTPN11,LGG,PTPN11_LGG,possible oncogene,official,1.37%,0.89%,ENSG00000179295
PTPN11,PANCAN,PTPN11_PANCAN,oncogene,official,,0.89%,ENSG00000179295
PTPRC,PANCAN,PTPRC_PANCAN,possible oncogene,rescued,,3.02%,ENSG00000081237
PTPRD,BRCA,PTPRD_BRCA,,official,2.18%,4.86%,ENSG00000153707
RAC1,HNSC,RAC1_HNSC,oncogene,official,2.59%,0.74%,ENSG00000136238
RAC1,PANCAN,RAC1_PANCAN,oncogene,official,,0.74%,ENSG00000136238
RAC1,SKCM,RAC1_SKCM,oncogene,official,4.98%,0.74%,ENSG00000136238
RAD21,LAML,RAD21_LAML,,rescued,0.00%,1.08%,ENSG00000164754
RAF1,PANCAN,RAF1_PANCAN,,rescued,,0.68%,ENSG00000132155
RARA,PANCAN,RARA_PANCAN,,rescued,,0.69%,ENSG00000131759
RASA1,STAD,RASA1_STAD,tsg,official,2.52%,1.80%,ENSG00000145715
RASA1,HNSC,RASA1_HNSC,possible tsg,official,3.39%,1.80%,ENSG00000145715
RASA1,LUSC,RASA1_LUSC,tsg,official,6.47%,1.80%,ENSG00000145715
RASA1,PANCAN,RASA1_PANCAN,tsg,official,,1.80%,ENSG00000145715
RB1,UCS,RB1_UCS,tsg,official,7.27%,3.70%,ENSG00000139687
RB1,SKCM,RB1_SKCM,tsg,official,3.55%,3.70%,ENSG00000139687
RB1,UCEC,RB1_UCEC,tsg,official,6.82%,3.70%,ENSG00000139687
RB1,LIHC,RB1_LIHC,possible tsg,official,5.08%,3.70%,ENSG00000139687
RB1,HNSC,RB1_HNSC,possible tsg,official,3.39%,3.70%,ENSG00000139687
RB1,BLCA,RB1_BLCA,tsg,official,18.39%,3.70%,ENSG00000139687
RB1,LUAD,RB1_LUAD,tsg,official,4.64%,3.70%,ENSG00000139687
RB1,PANCAN,RB1_PANCAN,tsg,official,,3.70%,ENSG00000139687
RB1,CESC,RB1_CESC,tsg,official,5.84%,3.70%,ENSG00000139687
RB1,LUSC,RB1_LUSC,tsg,official,6.90%,3.70%,ENSG00000139687
RB1,OV,RB1_OV,tsg,official,3.68%,3.70%,ENSG00000139687
RB1,BRCA,RB1_BRCA,tsg,official,2.70%,3.70%,ENSG00000139687
RB1,GBM,RB1_GBM,tsg,official,8.68%,3.70%,ENSG00000139687
RB1,SARC,RB1_SARC,tsg,official,10.29%,3.70%,ENSG00000139687
RBM10,BLCA,RBM10_BLCA,tsg,official,4.40%,1.37%,ENSG00000182872
RBM10,PANCAN,RBM10_PANCAN,tsg,official,,1.37%,ENSG00000182872
RBM10,LUAD,RBM10_LUAD,tsg,official,6.96%,1.37%,ENSG00000182872
RET,PCPG,RET_PCPG,oncogene,official,3.35%,2.06%,ENSG00000165731
RFC1,UCS,RFC1_UCS,possible tsg,official,3.64%,0.94%,ENSG00000035928
RHEB,PANCAN,RHEB_PANCAN,,rescued,,0.31%,ENSG00000106615
RHOA,BLCA,RHOA_BLCA,oncogene,official,4.92%,1.01%,ENSG00000067560
RHOA,HNSC,RHOA_HNSC,oncogene,official,1.99%,1.01%,ENSG00000067560
RHOA,STAD,RHOA_STAD,oncogene,official,5.60%,1.01%,ENSG00000067560
RHOA,PANCAN,RHOA_PANCAN,oncogene,official,,1.01%,ENSG00000067560
RHOB,BLCA,RHOB_BLCA,oncogene,official,5.96%,0.67%,ENSG00000143878
RIT1,LUAD,RIT1_LUAD,,official,2.09%,0.36%,ENSG00000143622
RNF111,PANCAN,RNF111_PANCAN,tsg,official,,1.08%,ENSG00000157450
RNF43,PANCAN,RNF43_PANCAN,tsg,official,,1.78%,ENSG00000108375
RNF43,STAD,RNF43_STAD,possible tsg,official,3.36%,1.78%,ENSG00000108375
RNF43,PAAD,RNF43_PAAD,tsg,official,5.81%,1.78%,ENSG00000108375
RPL22,PANCAN,RPL22_PANCAN,possible tsg,official,,0.74%,ENSG00000116251
RPL22,UCEC,RPL22_UCEC,,official,10.10%,0.74%,ENSG00000116251
RPL5,PANCAN,RPL5_PANCAN,tsg,official,,0.67%,ENSG00000122406
RPS6KA3,LIHC,RPS6KA3_LIHC,tsg,official,4.52%,0.94%,ENSG00000177189
RQCD1,PANCAN,RQCD1_PANCAN,possible oncogene,official,,0.37%,ENSG00000144580
RQCD1,SKCM,RQCD1_SKCM,oncogene,official,3.08%,0.37%,ENSG00000144580
RRAS2,UCEC,RRAS2_UCEC,oncogene,official,1.52%,0.26%,ENSG00000133818
RUNX1,PANCAN,RUNX1_PANCAN,tsg,official,,1.37%,ENSG00000159216
RUNX1,BRCA,RUNX1_BRCA,tsg,official,5.01%,1.37%,ENSG00000159216
RUNX1,LAML,RUNX1_LAML,tsg,official,6.47%,1.37%,ENSG00000159216
RXRA,BLCA,RXRA_BLCA,oncogene,official,6.74%,0.99%,ENSG00000186350
SCAF4,UCEC,SCAF4_UCEC,tsg,official,8.84%,1.64%,ENSG00000156304
SCAF4,PANCAN,SCAF4_PANCAN,tsg,official,,1.64%,ENSG00000156304
SETBP1,PANCAN,SETBP1_PANCAN,possible oncogene,rescued,,2.65%,ENSG00000152217
SETD2,KIRP,SETD2_KIRP,tsg,official,6.55%,3.38%,ENSG00000181555
SETD2,LGG,SETD2_LGG,possible tsg,official,1.76%,3.38%,ENSG00000181555
SETD2,LUAD,SETD2_LUAD,tsg,official,6.73%,3.38%,ENSG00000181555
SETD2,MESO,SETD2_MESO,tsg,official,9.88%,3.38%,ENSG00000181555
SETD2,PANCAN,SETD2_PANCAN,tsg,official,,3.38%,ENSG00000181555
SETD2,KIRC,SETD2_KIRC,tsg,official,13.86%,3.38%,ENSG00000181555
SF1,BLCA,SF1_BLCA,oncogene,official,2.85%,0.95%,ENSG00000168066
SF1,PANCAN,SF1_PANCAN,possible oncogene,official,,0.95%,ENSG00000168066
SF3B1,BLCA,SF3B1_BLCA,oncogene,official,5.44%,2.17%,ENSG00000115524
SF3B1,LAML,SF3B1_LAML,oncogene,official,3.60%,2.17%,ENSG00000115524
SF3B1,PANCAN,SF3B1_PANCAN,oncogene,official,,2.17%,ENSG00000115524
SF3B1,BRCA,SF3B1_BRCA,oncogene,official,2.05%,2.17%,ENSG00000115524
SF3B1,UVM,SF3B1_UVM,oncogene,official,22.50%,2.17%,ENSG00000115524
SIN3A,PANCAN,SIN3A_PANCAN,possible tsg,official,,1.65%,ENSG00000169375
SIN3A,UCEC,SIN3A_UCEC,tsg,official,8.08%,1.65%,ENSG00000169375
SMAD2,STAD,SMAD2_STAD,possible tsg,official,1.40%,0.82%,ENSG00000175387
SMAD2,COADREAD,SMAD2_COADREAD,possible tsg,official,3.48%,0.82%,ENSG00000175387
SMAD2,PANCAN,SMAD2_PANCAN,possible tsg,official,,0.82%,ENSG00000175387
SMAD4,CESC,SMAD4_CESC,possible tsg,official,3.65%,2.29%,ENSG00000141646
SMAD4,ESCA,SMAD4_ESCA,possible tsg,official,6.40%,2.29%,ENSG00000141646
SMAD4,COADREAD,SMAD4_COADREAD,tsg,official,12.03%,2.29%,ENSG00000141646
SMAD4,PANCAN,SMAD4_PANCAN,tsg,official,,2.29%,ENSG00000141646
SMAD4,PAAD,SMAD4_PAAD,tsg,official,23.23%,2.29%,ENSG00000141646
SMAD4,STAD,SMAD4_STAD,oncogene,official,7.84%,2.29%,ENSG00000141646
SMARCA1,PANCAN,SMARCA1_PANCAN,tsg,official,,1.53%,ENSG00000102038
SMARCA4,LIHC,SMARCA4_LIHC,possible oncogene,official,2.82%,3.29%,ENSG00000127616
SMARCA4,PANCAN,SMARCA4_PANCAN,possible oncogene,official,,3.29%,ENSG00000127616
SMARCA4,LGG,SMARCA4_LGG,possible oncogene,official,4.90%,3.29%,ENSG00000127616
SMARCA4,LUAD,SMARCA4_LUAD,possible tsg,official,7.19%,3.29%,ENSG00000127616
SMARCB1,KIRP,SMARCB1_KIRP,possible oncogene,official,2.18%,0.64%,ENSG00000099956
SMC1A,UCEC,SMC1A_UCEC,oncogene,official,5.30%,1.39%,ENSG00000072501
SMC1A,LAML,SMC1A_LAML,oncogene,official,2.88%,1.39%,ENSG00000072501
SMC3,LAML,SMC3_LAML,possible oncogene,rescued,0.72%,1.09%,ENSG00000108055
SOS1,PANCAN,SOS1_PANCAN,oncogene,official,,1.45%,ENSG00000115904
SOS1,UCEC,SOS1_UCEC,oncogene,official,4.29%,1.45%,ENSG00000115904
SOX17,PANCAN,SOX17_PANCAN,possible oncogene,official,,0.82%,ENSG00000164736
SOX17,UCEC,SOX17_UCEC,possible oncogene,official,4.80%,0.82%,ENSG00000164736
SOX9,PANCAN,SOX9_PANCAN,possible tsg,official,,1.43%,ENSG00000125398
SOX9,COADREAD,SOX9_COADREAD,tsg,official,12.97%,1.43%,ENSG00000125398
SPOP,PANCAN,SPOP_PANCAN,oncogene,official,,1.62%,ENSG00000121067
SPOP,UCEC,SPOP_UCEC,oncogene,official,9.34%,1.62%,ENSG00000121067
SPOP,PRAD,SPOP_PRAD,oncogene,official,11.53%,1.62%,ENSG00000121067
SPTA1,GBM,SPTA1_GBM,possible tsg,official,9.00%,8.81%,ENSG00000163554
SPTAN1,BLCA,SPTAN1_BLCA,tsg,official,13.21%,2.72%,ENSG00000197694
SRSF2,UVM,SRSF2_UVM,,official,3.75%,0.57%,ENSG00000161547
STAG2,PANCAN,STAG2_PANCAN,tsg,official,,2.41%,ENSG00000101972
STAG2,BLCA,STAG2_BLCA,tsg,official,15.54%,2.41%,ENSG00000101972
STAG2,GBM,STAG2_GBM,tsg,official,4.18%,2.41%,ENSG00000101972
STK11,CESC,STK11_CESC,tsg,official,5.11%,1.39%,ENSG00000118046
STK11,PANCAN,STK11_PANCAN,tsg,official,,1.39%,ENSG00000118046
STK11,LUAD,STK11_LUAD,tsg,official,16.24%,1.39%,ENSG00000118046
TAF1,UCEC,TAF1_UCEC,oncogene,official,12.12%,2.64%,ENSG00000147133
TBL1XR1,PANCAN,TBL1XR1_PANCAN,possible tsg,rescued,,1.05%,ENSG00000177565
TBX3,PANCAN,TBX3_PANCAN,possible tsg,official,,1.38%,ENSG00000135111
TBX3,BRCA,TBX3_BRCA,possible tsg,official,3.08%,1.38%,ENSG00000135111
TCEB1,KIRC,TCEB1_KIRC,possible tsg,official,1.09%,0.19%,ENSG00000154582
TCF12,GBM,TCF12_GBM,possible tsg,official,1.61%,1.06%,ENSG00000140262
TCF12,PANCAN,TCF12_PANCAN,tsg,official,,1.06%,ENSG00000140262
TCF12,LGG,TCF12_LGG,possible tsg,official,2.75%,1.06%,ENSG00000140262
TCF7L2,COADREAD,TCF7L2_COADREAD,tsg,official,10.13%,1.29%,ENSG00000148737
TET2,LAML,TET2_LAML,,rescued,0.00%,1.93%,ENSG00000168769
TGFBR2,CESC,TGFBR2_CESC,possible tsg,official,3.28%,1.51%,ENSG00000163513
TGFBR2,PAAD,TGFBR2_PAAD,tsg,official,4.52%,1.51%,ENSG00000163513
TGFBR2,HNSC,TGFBR2_HNSC,possible tsg,official,4.78%,1.51%,ENSG00000163513
TGFBR2,PANCAN,TGFBR2_PANCAN,tsg,official,,1.51%,ENSG00000163513
TGIF1,COADREAD,TGIF1_COADREAD,possible tsg,official,4.11%,0.66%,ENSG00000177426
THRAP3,PANCAN,THRAP3_PANCAN,tsg,official,,1.17%,ENSG00000054118
TLR4,PANCAN,TLR4_PANCAN,,rescued,,2.96%,ENSG00000136869
TMSB4X,DLBC,TMSB4X_DLBC,possible tsg,official,18.92%,0.31%,ENSG00000205542
TNFAIP3,DLBC,TNFAIP3_DLBC,tsg,official,16.22%,1.01%,ENSG00000118503
TP53,THYM,TP53_THYM,possible tsg,official,2.48%,37.53%,ENSG00000141510
TP53,DLBC,TP53_DLBC,tsg,official,13.51%,37.53%,ENSG00000141510
TP53,LAML,TP53_LAML,possible tsg,official,6.47%,37.53%,ENSG00000141510
TP53,KIRC,TP53_KIRC,possible tsg,official,3.26%,37.53%,ENSG00000141510
TP53,UCEC,TP53_UCEC,possible tsg,official,40.91%,37.53%,ENSG00000141510
TP53,ACC,TP53_ACC,tsg,official,17.78%,37.53%,ENSG00000141510
TP53,BLCA,TP53_BLCA,possible tsg,official,48.45%,37.53%,ENSG00000141510
TP53,MESO,TP53_MESO,tsg,official,17.28%,37.53%,ENSG00000141510
TP53,PANCAN,TP53_PANCAN,tsg,official,,37.53%,ENSG00000141510
TP53,CESC,TP53_CESC,possible tsg,official,6.93%,37.53%,ENSG00000141510
TP53,KICH,TP53_KICH,tsg,official,32.31%,37.53%,ENSG00000141510
TP53,SKCM,TP53_SKCM,tsg,official,11.37%,37.53%,ENSG00000141510
TP53,LUAD,TP53_LUAD,possible tsg,official,46.87%,37.53%,ENSG00000141510
TP53,LUSC,TP53_LUSC,tsg,official,86.85%,37.53%,ENSG00000141510
TP53,STAD,TP53_STAD,tsg,official,52.38%,37.53%,ENSG00000141510
TP53,BRCA,TP53_BRCA,tsg,official,33.76%,37.53%,ENSG00000141510
TP53,COADREAD,TP53_COADREAD,tsg,official,72.78%,37.53%,ENSG00000141510
TP53,ESCA,TP53_ESCA,tsg,official,87.79%,37.53%,ENSG00000141510
TP53,GBM,TP53_GBM,possible oncogene,official,29.26%,37.53%,ENSG00000141510
TP53,HNSC,TP53_HNSC,tsg,official,70.92%,37.53%,ENSG00000141510
TP53,LIHC,TP53_LIHC,tsg,official,31.36%,37.53%,ENSG00000141510
TP53,OV,TP53_OV,tsg,official,91.18%,37.53%,ENSG00000141510
TP53,PRAD,TP53_PRAD,possible oncogene,official,11.95%,37.53%,ENSG00000141510
TP53,LGG,TP53_LGG,possible oncogene,official,48.63%,37.53%,ENSG00000141510
TP53,PAAD,TP53_PAAD,tsg,official,68.39%,37.53%,ENSG00000141510
TP53,SARC,TP53_SARC,tsg,official,34.31%,37.53%,ENSG00000141510
TP53,UCS,TP53_UCS,tsg,official,92.73%,37.53%,ENSG00000141510
TRAF3,PANCAN,TRAF3_PANCAN,tsg,official,,0.82%,ENSG00000131323
TSC1,PANCAN,TSC1_PANCAN,tsg,official,,1.52%,ENSG00000165699
TSC1,BLCA,TSC1_BLCA,tsg,official,9.33%,1.52%,ENSG00000165699
TSC2,LIHC,TSC2_LIHC,tsg,official,3.39%,2.11%,ENSG00000103197
TXNIP,BLCA,TXNIP_BLCA,possible tsg,official,4.15%,0.94%,ENSG00000265972
U2AF1,UCEC,U2AF1_UCEC,oncogene,official,2.78%,0.84%,ENSG00000160201
U2AF1,LAML,U2AF1_LAML,oncogene,official,3.60%,0.84%,ENSG00000160201
U2AF1,PAAD,U2AF1_PAAD,oncogene,official,1.94%,0.84%,ENSG00000160201
U2AF1,PANCAN,U2AF1_PANCAN,oncogene,official,,0.84%,ENSG00000160201
U2AF1,LUAD,U2AF1_LUAD,oncogene,official,3.25%,0.84%,ENSG00000160201
UNCX,PANCAN,UNCX_PANCAN,possible oncogene,official,,0.21%,ENSG00000164853
USP9X,PANCAN,USP9X_PANCAN,tsg,official,,2.81%,ENSG00000124486
VHL,PANCAN,VHL_PANCAN,tsg,official,,2.22%,ENSG00000134086
VHL,KIRC,VHL_KIRC,tsg,official,46.20%,2.22%,ENSG00000134086
WHSC1,LIHC,WHSC1_LIHC,oncogene,official,2.54%,1.56%,ENSG00000109685
WT1,PANCAN,WT1_PANCAN,possible oncogene,official,,1.41%,ENSG00000184937
WT1,LAML,WT1_LAML,possible tsg,official,2.16%,1.41%,ENSG00000184937
XPO1,LIHC,XPO1_LIHC,oncogene,official,1.69%,1.00%,ENSG00000082898
ZBTB20,LGG,ZBTB20_LGG,possible tsg,official,4.12%,1.91%,ENSG00000181722
ZBTB7B,UCS,ZBTB7B_UCS,tsg,official,10.91%,1.06%,ENSG00000160685
ZC3H12A,PANCAN,ZC3H12A_PANCAN,,official,,0.86%,ENSG00000163874
ZCCHC12,LGG,ZCCHC12_LGG,oncogene,official,1.57%,0.88%,ENSG00000174460
ZFHX3,UCEC,ZFHX3_UCEC,possible tsg,official,19.95%,4.46%,ENSG00000140836
ZFP36L1,BLCA,ZFP36L1_BLCA,possible tsg,official,9.59%,1.84%,ENSG00000185650
ZFP36L2,COADREAD,ZFP36L2_COADREAD,possible tsg,official,3.80%,0.98%,ENSG00000152518
ZFP36L2,PANCAN,ZFP36L2_PANCAN,possible tsg,official,,0.98%,ENSG00000152518
ZMYM2,UCEC,ZMYM2_UCEC,tsg,official,6.57%,1.23%,ENSG00000121741
ZMYM3,PRAD,ZMYM3_PRAD,tsg,official,1.68%,1.85%,ENSG00000147130
ZNF133,OV,ZNF133_OV,oncogene,official,2.94%,0.61%,ENSG00000125846
ZNF750,PANCAN,ZNF750_PANCAN,possible tsg,official,,1.15%,ENSG00000141579
ZNF750,ESCA,ZNF750_ESCA,possible tsg,official,6.98%,1.15%,ENSG00000141579
ZNF750,HNSC,ZNF750_HNSC,possible tsg,official,3.78%,1.15%,ENSG00000141579
